{"mean":{"confidence_interval":{"confidence_level":0.95,"lower_bound":147.9173651130251,"upper_bound":148.66068043729308},"point_estimate":148.28692767485944,"standard_error":0.1891338002097532},"median":{"confidence_interval":{"confidence_level":0.95,"lower_bound":147.57290102132774,"upper_bound":148.7404673443898},"point_estimate":148.1236111271576,"standard_error":0.2723756214940958},"median_abs_dev":{"confidence_interval":{"confidence_level":0.95,"lower_bound":1.3948387296471383,"upper_bound":2.4592441143701254},"point_estimate":1.8625953099965984,"standard_error":0.2669882397033398},"slope":{"confidence_interval":{"confidence_level":0.95,"lower_bound":147.92989492498648,"upper_bound":148.80094432667119},"point_estimate":148.367795384924,"standard_error":0.22173248806754667},"std_dev":{"confidence_interval":{"confidence_level":0.95,"lower_bound":1.645826861563349,"upper_bound":2.1109339469367105},"point_estimate":1.892317011171381,"standard_error":0.1186388075832746}}